{"inputs":[["4000000000000000000000000000000000000000000000000000000000000000","f4ffffef93f5e1439170b97948e833285d588181b64550b829a031e1724e6430","2600000000000000000000000000000000000000000000000000000000000000","0000000000000000000000000000000000000000000000000000000000000000","8000000000000000000000000000000000000000000000000000000000000000","a7ffffef93f5e1439170b97948e833285d588181b64550b829a031e1724e6430","1a00000000000000000000000000000000000000000000000000000000000000","7300000000000000000000000000000000000000000000000000000000000000","c1ffffef93f5e1439170b97948e833285d588181b64550b829a031e1724e6430","3300000000000000000000000000000000000000000000000000000000000000"]],"pretty_elements":{"rescaled_inputs":[["0.5","-0.1015625","0.296875","0","1","-0.703125","0.203125","0.8984375","-0.5","0.3984375"]],"inputs":[["0x0000000000000000000000000000000000000000000000000000000000000040","0x30644e72e131a029b85045b68181585d2833e84879b9709143e1f593effffff4","0x0000000000000000000000000000000000000000000000000000000000000026","0x0000000000000000000000000000000000000000000000000000000000000000","0x0000000000000000000000000000000000000000000000000000000000000080","0x30644e72e131a029b85045b68181585d2833e84879b9709143e1f593efffffa7","0x000000000000000000000000000000000000000000000000000000000000001a","0x0000000000000000000000000000000000000000000000000000000000000073","0x30644e72e131a029b85045b68181585d2833e84879b9709143e1f593efffffc1","0x0000000000000000000000000000000000000000000000000000000000000033"]],"processed_inputs":[],"processed_params":[],"processed_outputs":[],"rescaled_outputs":[["0.1328125"]],"outputs":[["0x0000000000000000000000000000000000000000000000000000000000000011"]]},"outputs":[["1100000000000000000000000000000000000000000000000000000000000000"]],"processed_inputs":null,"processed_params":null,"processed_outputs":null,"max_lookup_inputs":0,"min_lookup_inputs":0,"max_range_size":16383,"version":"21.0.4"}